ID(product),Title,URL alias,Большое описание,бренд,Первое изображение,Тип товара(для всех),Цвет:,гибрид F1,Форма:,Изображения 2-5,код вида,Мета теги,Особенности семян,посев семян,Производитель:,Рекомендуемые товары,серия,Краткое описание,Спецификации,Сроки,Страна селекции:,Связанные термины,сбор урожая,HRболезнь,IRболезнь,HR,IR,высадка рассады,ID(variation),SKU,List price,упаковка семян,наличие,Гарантия:,фото товара,новинка,Рекомендуем,скидка,упаковка,UPC,Weight,Price,Currency
,,,,,,,,,,,,,,,,,,,,,,,,,,,,,,,,,,,,,,,,,,,
1,Арбуз Асван F1,/vegetable/arbuz/ASWAN,"АСВАН F1 лидер по сортотипу. Высокий, однородный урожай, неприхотливое и мощное растение. Высокое содержание сахара в темно-красной хрустящей мякоти. Очень хорошо защищён листвой от солнечных ожогов.

 Ранний гибрид (сбор урожая на 60-70 день после высадки рассады). Растение мощное. Плоды округлые, темно-зеленого цвета, весом 3-4 кг.",Саката,asvan.png,овощи|арбуз,Темно-зеленый,Гибрид F1,Округлая,asvan.png,,,,,SAKATA VEGETABLES EUROPE SAS,,сортотип Шуга Бейби,"РАННЕСПЕЛОСТЬ
ВЫСОКИЕ ВКУСОВЫЕ КАЧЕСТВА
УСТОЙЧИВОСТЬ К БОЛЕЗНЯМ
УСТОЙЧИВОСТЬ К СОЛНЕЧНОМУ ОЖОГУ
ВЫСОКИЙ УРОЖАЙ","<style type=""text/css"">TABLE {
    border-collapse: collapse; /* Убираем двойные границы между ячейками */
    border: 1px solid #000; /* Рамка вокруг таблицы */
   }
   TD, TH {
    padding: 5px; /* Поля вокруг текста */
    border: 1px solid #f3faef; /* Рамка вокруг ячеек */
   }
</style>
<table>
	<tbody>
		<tr>
			<td><b>ОСОБЕННОСТИ</b></td>
			<td><b>ХАРАКТЕРИСТИКА</b></td>
		</tr>
		<tr>
			<td>ВИД</td>
			<td>Гибрид F1, Арбуз (Citrullus lanatus (Jhunb.)Matsum et N.)</td>
		</tr>
		<tr>
			<td>ЭНЕРГИЯ РОСТА</td>
			<td>Очень хорошая</td>
		</tr>
		<tr>
			<td>СОЗРЕВАНИЕ</td>
			<td>Ранний</td>
		</tr>
		<tr>
			<td>КОРА</td>
			<td>Темно-зеленый</td>
		</tr>
		<tr>
			<td>ФОРМА</td>
			<td>Округлая</td>
		</tr>
		<tr>
			<td>МЯКОТЬ</td>
			<td>Яркая красно-розовая</td>
		</tr>
		<tr>
			<td>ВЕС</td>
			<td>8 кг</td>
		</tr>
		<tr>
			<td>ТИП КУЛЬТУРЫ</td>
			<td>Открытый грунт</td>
		</tr>
		<tr>
			<td>ПЕРИОД ВЫРАЩИВАНИЯ</td>
			<td>Весна - Лето</td>
		</tr>
		<tr>
			<td>BRIX</td>
			<td>11 -12%</td>
		</tr>
		<tr>
			<td>ВКУС</td>
			<td>Отличный</td>
		</tr>
		<tr>
			<td>ВЫРОВНЕННОСТЬ</td>
			<td>Отличная</td>
		</tr>
		<tr>
			<td>ЗАКРЫТОСТЬ ПЛОДОВ ЛИСТЬЯМИ</td>
			<td>Отличная</td>
		</tr>
		<tr>
			<td>УСТОЙЧИВОСТЬ</td>
			<td>Co, Fon1</td>
		</tr>
		<tr>
			<td>СПОСОБНОСТЬ К ПРИВИВКЕ</td>
			<td>xx</td>
		</tr>
		<tr>
			<td>КОЛИЧЕСТВО СЕМЯН В ГР.</td>
			<td>20 шт.</td>
		</tr>
		<tr>
			<td>КОЛИЧЕСТВО РАСТЕНИЙ на га</td>
			<td>до 5 500 раст. (60-100 см в ряду, 3 м между рядами)</td>
		</tr>
		<tr>
			<td>Включен в реестр Республики Беларусь</td>
			<td>&nbsp;</td>
		</tr>
	</tbody>
</table>",,Япония,арбуз,,"Обладает сильной( HR ) устойчивостью к заболеваниям: Антракноз, Фузариоз",,Co|Fon,,,,,97.42,1 000  шт.,В наличии,Согласно законодательству республики Беларусь,,1,1,1,1 000  шт.,,10.000000 g,96.26,BYN
2,Арбуз Кримсон Руби F1,/vegetable/arbuz/CRIMSONRUBY,КРИМСОН РУБИ F1 - это раннеспелый гибрид с крупными плодами около 10 кг. Завязывает много однородных плодов с достаточно толстой корой. Стабильно высокое качество мякоти.,Саката,crimson_ruby1.jpg,овощи|арбуз,полосатый,Гибрид F1,овальная,CR_ru.jpg|krimson3_ruby.jpg,,,,,SAKATA VEGETABLES EUROPE SAS,,"сортотип ""Кримсон свит""","РАННЕСПЕЛОСТЬ
КРУПНЫЙ ПЛОД
ОТЛИЧНЫЙ ВКУС
ВЫСОКИЙ УРОЖАЙ
УСТОЙЧИВОСТЬ К ФУЗАРИОЗУ","<style type=""text/css"">TABLE {
    border-collapse: collapse; /* Убираем двойные границы между ячейками */
    border: 1px solid #000; /* Рамка вокруг таблицы */
   }
   TD, TH {
    padding: 5px; /* Поля вокруг текста */
    border: 1px solid #f3faef; /* Рамка вокруг ячеек */
   }
</style>
<table>
	<tbody>
		<tr>
			<td><b>ОСОБЕННОСТИ</b></td>
			<td><b>ХАРАКТЕРИСТИКА</b></td>
		</tr>
		<tr>
			<td>ВИД</td>
			<td>Гибрид F1, Арбуз (Citrullus lanatus (Jhunb.)Matsum et N.)</td>
		</tr>
		<tr>
			<td>ЭНЕРГИЯ РОСТА</td>
			<td>Мощная</td>
		</tr>
		<tr>
			<td>СОЗРЕВАНИЕ</td>
			<td>Ранний</td>
		</tr>
		<tr>
			<td>КОРА</td>
			<td>Чередующиеся светло и тёмно-зелёные полосы</td>
		</tr>
		<tr>
			<td>ФОРМА</td>
			<td>Овальная</td>
		</tr>
		<tr>
			<td>МЯКОТЬ</td>
			<td>Яркая красно-розовая</td>
		</tr>
		<tr>
			<td>ВЕС</td>
			<td>10-14 кг</td>
		</tr>
		<tr>
			<td>ТИП КУЛЬТУРЫ</td>
			<td>Открытый грунт</td>
		</tr>
		<tr>
			<td>ПЕРИОД ВЫРАЩИВАНИЯ</td>
			<td>Весна - Лето</td>
		</tr>
		<tr>
			<td>BRIX</td>
			<td>11 -12%</td>
		</tr>
		<tr>
			<td>ВКУС</td>
			<td>Отличный</td>
		</tr>
		<tr>
			<td>ВЫРОВНЕННОСТЬ</td>
			<td>Отличная</td>
		</tr>
		<tr>
			<td>ЗАКРЫТОСТЬ ПЛОДОВ ЛИСТЬЯМИ</td>
			<td>Отличная</td>
		</tr>
		<tr>
			<td>УСТОЙЧИВОСТЬ</td>
			<td>Fon 1</td>
		</tr>
		<tr>
			<td>СПОСОБНОСТЬ К ПРИВИВКЕ</td>
			<td>ххх</td>
		</tr>
		<tr>
			<td>КОЛИЧЕСТВО СЕМЯН В ГР.</td>
			<td>9-10 шт.</td>
		</tr>
		<tr>
			<td>КОЛИЧЕСТВО РАСТЕНИЙ на га</td>
			<td>до 5 500 раст. (60-100 см в ряду, 3 м между рядами)</td>
		</tr>
		<tr>
			<td>Включен в реестр Республики Беларусь</td>
			<td>-</td>
		</tr>
	</tbody>
</table>",,Япония,арбуз,,Обладает сильной( HR ) устойчивостью к заболеваниям: Фузариоз,,Fon,,,,,0,Под заказ,Под заказ,,,1,1,0,0 шт.,,0.000000 g,0,BYN
3,Арбуз Кримстар F1,/vegetable/arbuz/CRIMSTAR,"КРИМСТАР F1 - это самый первый гибрид на рынке. Неприхотлив в выращивании, отличный вкус. Плод почти круглой формы, высокое содержание сахара.
TABLE {
    border-collapse: collapse; /* Убираем двойные границы между ячейками */
    border: 1px solid #000; /* Рамка вокруг таблицы */
   }
   TD, TH {
    padding: 5px; /* Поля вокруг текста */
    border: 1px solid #f3faef; /* Рамка вокруг ячеек */
   }


	
		
			ОСОБЕННОСТИ
			ХАРАКТЕРИСТИКА
		
		
			ВИД
			Гибрид F1, Арбуз (Citrullus lanatus (Jhunb.)Matsum et N.)
		
		
			ЭНЕРГИЯ РОСТА
			Средняя
		
		
			СОЗРЕВАНИЕ
			Очень ранний
		
		
			BRIX
			11 -12%
		
		
			ВКУС
			Отличный
		
		
			КОРА
			Чередующиеся светло и тёмно-зелёные полосы
		
		
			ФОРМА
			Округлый
		
		
			ВЕС
			8-10 кг.
		
		
			ТИП КУЛЬТУРЫ
			Защищенный и открытый грунт
		
		
			ПЕРИОД ВЫРАЩИВАНИЯ
			Ранняя весна - Лето
		
		
			СПОСОБНОСТЬ К ПРИВИВКЕ
			xx
		
		
			УСТОЙЧИВОСТЬ
			Co
		
		
			&amp;nbsp;КОЛИЧЕСТВО СЕМЯН В ГР.
			20-25 шт.
		
		
			КОЛИЧЕСТВО РАСТЕНИЙ на га
			до 5 500 раст. (60-100 см в ряду, 3 м между рядами)
		
		
			Включен в реестр Республики Беларусь
			&amp;nbsp;",Саката,,овощи|арбуз,,Гибрид F1,,,,,,,SAKATA VEGETABLES EUROPE SAS,,,"РАННЕСПЕЛОСТЬ
ВКУСОВЫЕ КАЧЕСТВА
НЕПРИХОТЛИВОСТЬ
УСТОЙЧИВОСТЬ К АНТРАКНОЗУ",,,Япония,,,Обладает сильной( HR ) устойчивостью к заболеваниям: Антракноз,,Co,,,,,0,1 000  шт.,В наличии,Согласно законодательству республики Беларусь,,1,1,0,1 000  шт.,,10.000000 g,100.21,BYN
18,Баклажан Рома F1,/vegetable/baklajan/roma,"РОМА F1 - это среднеранний гибрид с ярким тёмно-фиолетовым плодом длиной 20-25 см и весом до 250 гр. Рекомендуется для открытого грунта и плёночных теплиц. Даёт высокий урожай. Плоды медленно формируют семена, что повышает вкусовые качества гибрида.",Саката,1_1.jpg,овощи|баклажан,темно-фиолетовый,Гибрид F1,продолговатая,1_1.jpg,,,,,SAKATA VEGETABLES EUROPE SAS,1,,"ОДНОРОДНОСТЬ ПЛОДОВ
ВЫСОКИЙ УРОЖАЙ
УСТОЙЧИВОСТЬ К БОЛЕЗНЯМ
ОТЛИЧНАЯ ЛЁЖКОСТЬ ПЛОДОВ","<table>
	<tbody>
		<tr>
			<td>ОСОБЕННОСТИ</td>
			<td>ХАРАКТЕРИСТИКА</td>
		</tr>
		<tr>
			<td>ВИД</td>
			<td>Гибрид F1, Баклажан (Solanum melongena L. var.esculentum Nees)</td>
		</tr>
		<tr>
			<td>РАСТЕНИЕ</td>
			<td>Средней мощности</td>
		</tr>
		<tr>
			<td>СОЗРЕВАНИЕ</td>
			<td>Средне-раннее (70-80 д.п.п.)</td>
		</tr>
		<tr>
			<td>ВЕС ПЛОДОВ</td>
			<td>200-250 грамм</td>
		</tr>
		<tr>
			<td>РАЗМЕР ПЛОДОВ</td>
			<td>20-25 х 8 см</td>
		</tr>
		<tr>
			<td>ФОРМА ПЛОДОВ</td>
			<td>Элипсовидная</td>
		</tr>
		<tr>
			<td>ПЛОТНОСТЬ</td>
			<td>Хорошая</td>
		</tr>
		<tr>
			<td>ОКРАСКА</td>
			<td>Тёмно-фиолетовая</td>
		</tr>
		<tr>
			<td>ЛЕЖКОСТЬ</td>
			<td>Хорошая</td>
		</tr>
		<tr>
			<td>ВКУС</td>
			<td>Очень хороший</td>
		</tr>
		<tr>
			<td>ИСПОЛЬЗОВАНИЕ</td>
			<td>Для свежего потребления</td>
		</tr>
		<tr>
			<td>КОЛИЧЕСТВО РАСТЕНИЙ на га</td>
			<td>До 16 тысяч растений</td>
		</tr>
	</tbody>
</table>",1,Япония,баклажан,,,,,,1,,,0,1 000  шт.,В наличии,Согласно законодательству республики Беларусь,,1,1,0,1 000  шт.,,10.000000 g,36.5,BYN
21,Брокколи Гераклион F1,/vegetable/kapusta/brok/heraklion,"ГЕРАКЛИОН это наиболее приспособленый гибрид брокколи для уборки в период с высокими температурами. Формирует высокий урожай даже на бедных почвах. Бусинки остаются мелкими и сохраняют привлекательный зелёный цвет. Формирует хорошо выраженые соцветия, что так необходимо для переработки.",Саката,herakli.png,овощи|брокколи,зеленый,Гибрид F1,,herakli.png,00047966,,,,SAKATA VEGETABLES EUROPE SAS,1,,"ОТЛИЧНАЯ ЖАРОСТОЙКОСТЬ
НЕ ТРЕБУЕТ ВЫСОКИХ ДОЗ УДОБРЕНИЙ
ВЫСОКИЙ УРОЖАЙ","<table>
	<tbody>
		<tr>
			<td><b>ОСОБЕННОСТИ</b></td>
			<td><b>ХАРАКТЕРИСТИКА</b></td>
		</tr>
		<tr>
			<td>ВИД</td>
			<td>Гибрид F1, Брокколи (Brassica oleracea L. var. italica Plenck)&nbsp;</td>
		</tr>
		<tr>
			<td>РАСТЕНИЕ</td>
			<td>Мощное</td>
		</tr>
		<tr>
			<td>БОКОВЫЕ ПОБЕГИ</td>
			<td>Формирует</td>
		</tr>
		<tr>
			<td>Созревание, д.п.п.</td>
			<td>Среднее, 75-80 дней</td>
		</tr>
		<tr>
			<td>ФОРМА ГОЛОВКИ</td>
			<td>Полу-куполообразная</td>
		</tr>
		<tr>
			<td>РАЗМЕР ГОЛОВКИ</td>
			<td>Крупная</td>
		</tr>
		<tr>
			<td>КОМПАКТНОСТЬ ГОЛОВКИ</td>
			<td>Отличная</td>
		</tr>
		<tr>
			<td>ОКРАС ГОЛОВКИ</td>
			<td>Зелено-голубая</td>
		</tr>
		<tr>
			<td>СОХРАННОСТЬ В ПОЛЕ</td>
			<td>Отличная</td>
		</tr>
		<tr>
			<td>УРОЖАЙ</td>
			<td>Очень высокий</td>
		</tr>
		<tr>
			<td>РАЗМЕР БУСИНОК</td>
			<td>Маленькие</td>
		</tr>
		<tr>
			<td>ИСПОЛЬЗОВАНИЕ</td>
			<td>Для свежего потребления и заморозки</td>
		</tr>
		<tr>
			<td>КОЛИЧЕСТВО РАСТЕНИЙ на га</td>
			<td>36-40 тысяч растений</td>
		</tr>
		<tr>
			<td>УДОБРЕНИЯ</td>
			<td>Кг/га, 120 N : 65 P : 150 K</td>
		</tr>
		<tr>
			<td>&nbsp;</td>
			<td>&nbsp;</td>
		</tr>
		<tr>
			<td>Включен в реестр Республики Беларусь</td>
			<td>&nbsp;</td>
		</tr>
	</tbody>
</table>",1,Япония,брокколи,,,,,,1,,,0,1 000  шт.,В наличии,Согласно законодательству республики Беларусь,,1,1,0,1 000  шт.,,10.000000 g,35.34,BYN
20,Брокколи Грин Мейджик F1,/vegetable/kapusta/brok/grin-meydzhik,"Грин Мэджик – это отличный ранний гибрид для свежего рынка, благодаря привлекательному тёмно-зелёному цвету гладкой куполообразной головки и малой склонности к образованию пустот в стебле. Головка выровненная, плотная, с мелкими бусинками. Урожай концентрированный. Гибрид хорошо переносит повышенные температуры и имеет промежуточную устойчивость к ложной мучнистой росе.",Саката,green_magic_2.jpg,овощи|брокколи,,Гибрид F1,,green-medjik.jpg,00042201,"семена|семена овощей|семена броколи|семена F1|семена овощей Саката|Саката|овощи Саката|семена брокколи|Грин мейджик|Грин Мейджик F1,",,,SAKATA VEGETABLES EUROPE SAS,1,,"СКОРОСПЕЛОСТЬ
ЖАРОСТОЙКОСТЬ
ВЫСОКИЙ УРОЖАЙ
ПЛАСТИЧНОСТЬ","<style type=""text/css"">TABLE {
    border-collapse: collapse; /* Убираем двойные границы между ячейками */
    border: 1px solid #000; /* Рамка вокруг таблицы */
   }
   TD, TH {
    padding: 5px; /* Поля вокруг текста */
    border: 1px solid #f3faef; /* Рамка вокруг ячеек */
   }
</style>
<table>
	<tbody>
		<tr>
			<td><b>ОСОБЕННОСТИ</b></td>
			<td><b>ХАРАКТЕРИСТИКА</b></td>
		</tr>
		<tr>
			<td>ВИД</td>
			<td>Гибрид F1, Брокколи (Brassica oleracea L. var. italica Plenck)</td>
		</tr>
		<tr>
			<td>РАСТЕНИЕ</td>
			<td>Средней мощности</td>
		</tr>
		<tr>
			<td>БОКОВЫЕ ПОБЕГИ</td>
			<td>Несколько</td>
		</tr>
		<tr>
			<td>ДНЕЙ ПОСЛЕ ПОСЕВА</td>
			<td>60-65</td>
		</tr>
		<tr>
			<td>ВЕС ГОЛОВКИ</td>
			<td>0,4-0,6 кг</td>
		</tr>
		<tr>
			<td>ФОРМА ГОЛОВКИ</td>
			<td>Куполообразная</td>
		</tr>
		<tr>
			<td>РАЗМЕР ГОЛОВКИ</td>
			<td>Средний</td>
		</tr>
		<tr>
			<td>ОКРАСКА – ОКРАС ГОЛОВКИ</td>
			<td>Тёмно-зелёный</td>
		</tr>
		<tr>
			<td>РАЗМЕР БУСИНОК</td>
			<td>От средних до маленьких</td>
		</tr>
		<tr>
			<td>УБОРКА</td>
			<td>Лето, осень</td>
		</tr>
		<tr>
			<td>УСТОЙЧИВОСТЬ К БОЛЕЗНЯМ</td>
			<td>Промежуточная к Perenospora parasitica</td>
		</tr>
		<tr>
			<td>ИСПОЛЬЗОВАНИЕ</td>
			<td>Для свежего потребления</td>
		</tr>
		<tr>
			<td>КОЛИЧЕСТВО РАСТЕНИЙ на га</td>
			<td>До 36-44 тысяч растений</td>
		</tr>
		<tr>
			<td>УДОБРЕНИЯ Кг/га,</td>
			<td>120 N : 65 P : 150 K</td>
		</tr>
		<tr>
			<td>Включен в реестр Республики Беларусь</td>
			<td>в 2011 году</td>
		</tr>
	</tbody>
</table>",1,Япония,брокколи,,,,,,1,,,0,1 000  шт.,В наличии,Согласно законодательству республики Беларусь,,1,1,0,1 000  шт.,,10.000000 g,25.58,BYN
22,Брокколи Маратон F1,/vegetable/kapusta/brok/maraton,МАРАТОН - это мировом стандарт среди гибридов брокколи для переработчиков благодаря великолепной адаптации к различным условиям выращивания и способности давать высокий урожай качественных головок в любых условиях. Хорошо стоит в поле и сохраняет качество головки даже если уборка откладывается. Используется для свежего потребления и заморозки. Не рекомендуется для зон с высокими температурами.,Саката,Maraton.jpg,овощи|брокколи,,Гибрид F1,,Marathon_0.jpg|maraton2.jpg,00044281,семена|семена овощей|семена броколи|семена F1|семена овощей Саката|Саката|овощи Саката|семена брокколи|Маратон|Маратон F1,для свежего потребления|для заморозки,,SAKATA VEGETABLES EUROPE SAS,1,,"МИРОВОЙ СТАНДАРТ
НЕПРИХОТЛИВОСТЬ
НАДЁЖНОСТЬ
ОЧЕНЬ ВЫСОКИЙ УРОЖАЙ
ХОЛОДОСТОЙКОСТЬ","<style type=""text/css"">TABLE {
    border-collapse: collapse; /* Убираем двойные границы между ячейками */
    border: 1px solid #000; /* Рамка вокруг таблицы */
   }
   TD, TH {
    padding: 5px; /* Поля вокруг текста */
    border: 1px solid #f3faef; /* Рамка вокруг ячеек */
   }
</style>
<table>
	<tbody>
		<tr>
			<td><b>ОСОБЕННОСТИ</b></td>
			<td><b>ХАРАКТЕРИСТИКА</b></td>
		</tr>
		<tr>
			<td><br />
			ВИД</td>
			<td>Гибрид F1, Брокколи (Brassica oleracea L. var. italica Plenck)</td>
		</tr>
		<tr>
			<td>РАСТЕНИЕ</td>
			<td>Мощное, большое</td>
		</tr>
		<tr>
			<td>БОКОВЫЕ ПОБЕГИ</td>
			<td>Несколько</td>
		</tr>
		<tr>
			<td>Созревание, д.п.п.</td>
			<td>80</td>
		</tr>
		<tr>
			<td>ФОРМА ГОЛОВКИ</td>
			<td>Куполообразная</td>
		</tr>
		<tr>
			<td>ВЕС ГОЛОВКИ</td>
			<td>0,4-1,0 кг</td>
		</tr>
		<tr>
			<td>РАЗМЕР ГОЛОВКИ</td>
			<td>Большой</td>
		</tr>
		<tr>
			<td>КОМПАКТНОСТЬ ГОЛОВКИ</td>
			<td>&nbsp;</td>
		</tr>
		<tr>
			<td>ОКРАС ГОЛОВКИ</td>
			<td>Тёмно-зелёный с голубым оттенком</td>
		</tr>
		<tr>
			<td>СОХРАННОСТЬ В ПОЛЕ</td>
			<td>Лето, осень</td>
		</tr>
		<tr>
			<td>УРОЖАЙ</td>
			<td>Очень высокий</td>
		</tr>
		<tr>
			<td>РАЗМЕР БУСИНОК</td>
			<td>Маленькие</td>
		</tr>
		<tr>
			<td>УСТОЙЧИВОСТЬ К БОЛЕЗНЯМ</td>
			<td>Промежуточная к Perenospora parasitica</td>
		</tr>
		<tr>
			<td>ИСПОЛЬЗОВАНИЕ</td>
			<td>Для свежего потребления и переработки</td>
		</tr>
		<tr>
			<td>КОЛИЧЕСТВО РАСТЕНИЙ на га</td>
			<td>До 36-40 тысяч растений</td>
		</tr>
		<tr>
			<td>УДОБРЕНИЯ</td>
			<td>Кг/га, 120 N : 65 P : 150 K</td>
		</tr>
		<tr>
			<td>&nbsp;</td>
			<td>&nbsp;</td>
		</tr>
		<tr>
			<td>Включен в реестр Республики Беларусь</td>
			<td>&nbsp;</td>
		</tr>
	</tbody>
</table>",1,Япония,брокколи,,,,,,1,,,0,1 000  шт.,В наличии,Согласно законодательству республики Беларусь,,1,1,0,1 000  шт.,,10.000000 g,24.18,BYN
24,Брокколи Партенон F1,/vegetable/kapusta/brok/partenon,"Это лидирующий, надёжный гибрид для свежего рынка и переработки во всех регионах где выращивается брокколи, дающий высокий урожай высококачественной продукции несмотря на перепады температур и влажности. Головки гибрида всегда остаются плотными, куполообразными, гладкими, не склонными к образованию антициановой окраски (покраснение) и пустот в стебле. Гибрид не требует высоких доз азотных удобрений и образует мало боковых побегов. Рекомендуется для уборки в прохладный сезон.",Саката,partenon2.jpg,овощи|брокколи,,Гибрид F1,,partenon2.jpg,00043478,семена|семена овощей|семена броколи|семена F1|семена овощей Саката|Саката|овощи Саката|семена брокколи|Парфенон|Партенон|Парфенон F1|Партенон F1|,для свежего потребления|для переработки,,SAKATA VEGETABLES EUROPE SAS,1,,"ГИБРИД НОВОГО ПОКОЛЕНИЯ
ГОЛОВКА ОТЛИЧНОГО КАЧЕСТВА
ОЧЕНЬ БОЛЬШОЙ УРОЖАЙ
ПЕРЕНОСИТ ПОНИЖЕННЫЕ ТЕМПЕРАТУРЫ
МНОГОЦЕЛЕВОЙ В ИСПОЛЬЗОВАНИИ","<table border=""1"" bordercolor=""#009640"" height=""381"" style=""border-collapse: collapse"" width=""626"">
	<tbody>
		<tr>
			<td height=""7"" style=""border-left-width: 1px; border-right-width: 1px; border-top-style: solid; border-top-width: 1px; border-bottom-width: 1px"" width=""251""><b>ОСОБЕННОСТИ</b></td>
			<td height=""7"" style=""border-left-width: 1px; border-right-width: 1px; border-top-style: solid; border-top-width: 1px; border-bottom-width: 1px"" width=""359""><b>ХАРАКТЕРИСТИКА</b></td>
		</tr>
		<tr>
			<td height=""6"" width=""251"">ВИД</td>
			<td height=""6"" width=""359"">Гибрид F1, Брокколи (Brassica oleracea L. var. italica Plenck) (Brassica oleracea L. Convar.botritis (L.) Alef. Var. Cymosa Duchesne)</td>
		</tr>
		<tr>
			<td height=""10"" width=""251"">РАСТЕНИЕ</td>
			<td height=""10"" width=""359"">Мощное крупное</td>
		</tr>
		<tr>
			<td height=""17"" width=""251"">БОКОВЫЕ ПОБЕГИ</td>
			<td height=""17"" width=""359"">Несколько</td>
		</tr>
		<tr>
			<td height=""11"" width=""251"">ДНЕЙ ПОСЛЕ ПОСЕВА</td>
			<td height=""11"" width=""359"">85-90 дней, Среднее</td>
		</tr>
		<tr>
			<td height=""13"" width=""251"">ВЕС ГОЛОВКИ</td>
			<td height=""13"" width=""359"">Крупная</td>
		</tr>
		<tr>
			<td height=""20"" width=""251"">ФОРМА ГОЛОВКИ</td>
			<td height=""20"" width=""359"">Куполообразная</td>
		</tr>
		<tr>
			<td height=""20"" width=""251"">РАЗМЕР ГОЛОВКИ</td>
			<td height=""20"" width=""359"">&nbsp;Крупная</td>
		</tr>
		<tr>
			<td height=""20"" width=""251"">КОМПАКТНОСТЬ ГОЛОВКИ</td>
			<td height=""20"" width=""359"">Отличная</td>
		</tr>
		<tr>
			<td height=""20"" width=""251"">ОКРАСКА – ОКРАС ГОЛОВКИ</td>
			<td height=""20"" width=""359"">Тёмно сине-зеленый</td>
		</tr>
		<tr>
			<td height=""24"" width=""251"">РАЗМЕР БУСИНОК</td>
			<td height=""24"" width=""359"">Очень маленькие</td>
		</tr>
		<tr>
			<td height=""24"" width=""251"">СОХРАННОСТЬ В ПОЛЕ</td>
			<td height=""24"" width=""359"">Отличная</td>
		</tr>
		<tr>
			<td height=""24"" width=""251"">УРОЖАЙ</td>
			<td height=""24"" width=""359"">Исключительно высокий</td>
		</tr>
		<tr>
			<td height=""24"" width=""251"">ИСПОЛЬЗОВАНИЕ</td>
			<td height=""24"" width=""359"">Для свежего потребления, переработки и заморозки</td>
		</tr>
		<tr>
			<td height=""24"" width=""251"">КОЛИЧЕСТВО РАСТЕНИЙ на га</td>
			<td height=""24"" width=""359"">36-40 тысяч растений</td>
		</tr>
		<tr>
			<td height=""24"" width=""251"">УДОБРЕНИЯ Кг/га,</td>
			<td height=""24"" width=""359"">120 N : 65 P : 150 K</td>
		</tr>
		<tr>
			<td height=""44"" style=""border-left-width: 1px; border-right-width: 1px; border-top-width: 1px; border-bottom-style: solid; border-bottom-width: 1px"" width=""251"">Включен в реестр Республики Беларусь</td>
			<td height=""44"" style=""border-left-width: 1px; border-right-width: 1px; border-top-width: 1px; border-bottom-style: solid; border-bottom-width: 1px"" width=""359"">в 2013 году</td>
		</tr>
	</tbody>
</table>",1,Япония,брокколи,,,,,,1,,,0,Под заказ,Под заказ,,,1,1,0,0 шт.,,0.000000 g,0,BYN
29,Дайкон Мино Саммер Кросс F1,/vegetable/daikon/minosamer,"МИНО САМЭ КРОС F1 – это раннеспелый гибрид дайкона со сроком созревания 42-47 дней от даты посева. Корнеплоды быстро формируются и могут быть готовы к уборке уже на 38-42-й день.
Рекомендуется для летнего посева. Форма корнеплода конусовидная, удлинённая с острым кончиком. Длина достигает 40 см, диаметр до 6 см.
Хороший вкус и цвет.
Устойчивость к цветушности на высоком уровне.
Высокая устойчивость к фузариозу.",Саката,minosk.jpg,овощи|дайкон,белый,Гибрид F1,,minosk.jpg,00047800,,,,SAKATA VEGETABLES EUROPE SAS,1,,"РАННИЙ СРОК СОЗРЕВАНИЯ
ХОРОШИЕ ПОКАЗАТЕЛИ НА ТЯЖЁЛЫХ 
ПЛОДОРОДНЫХ ПОЧВАХ
ВЫСОКАЯ УСТОЙЧИВОСТЬ К ЦВЕТУШНОСТИ
УСТОЙЧИВ К ЗАБОЛЕВАНИЯМ","<table>
	<tbody>
		<tr>
			<td>ОСОБЕННОСТИ</td>
			<td>ХАРАКТЕРИСТИКА</td>
		</tr>
		<tr>
			<td>ВИД</td>
			<td>Редька дайкон (Raphanus sativus L. ssp. Acanthiformis (Morel) Stankev.), гибрид F1</td>
		</tr>
		<tr>
			<td>СОЗРЕВАНИЕ</td>
			<td>42-47 дней</td>
		</tr>
		<tr>
			<td>ПОСЕВ</td>
			<td>Лето</td>
		</tr>
		<tr>
			<td>ФОРМА КОРНЕПЛОДА</td>
			<td>Конусовидная, удлинённая</td>
		</tr>
		<tr>
			<td>РАЗМЕР КОРНЕПЛОДА</td>
			<td>Длина до 40 см, диаметр до 6 см</td>
		</tr>
		<tr>
			<td>ПОВЕРХНОСТЬ КОРНЕПЛОДА</td>
			<td>Гладкая</td>
		</tr>
		<tr>
			<td>ВНЕШНЯЯ ОКРАСКА КОРНЕПЛОДА</td>
			<td>Белая</td>
		</tr>
		<tr>
			<td>ВНУТРЕННЯЯ ОКРАСКА</td>
			<td>Белая</td>
		</tr>
		<tr>
			<td>ОКРАСКА ШЕЙКИ КОРНЕПЛОДА</td>
			<td>Белая</td>
		</tr>
		<tr>
			<td>ЦВЕТ БОТВЫ</td>
			<td>Зелёный</td>
		</tr>
		<tr>
			<td>УСТОЙЧИВОСТЬ К БОЛЕЗНЯМ</td>
			<td>Высокая устойчивость к фузариозу, промежуточная устойчивость к чёрной пятнистости и мягкой пятнистости</td>
		</tr>
		<tr>
			<td>ИСПОЛЬЗОВАНИЕ</td>
			<td>Свежее потребление, переработка, хранение</td>
		</tr>
				<tr>
			<td>КОЛИЧЕСТВО РАСТЕНИЙ НА ГА</td>
			<td>230-250 тыс.</td>
		</tr>
				<tr>
			<td>ПРИМЕЧАНИЕ</td>
			<td>Жаростойкий гибрид</td>
		</tr>
	</tbody>
</table>",1,Япония,дайкон,,"Обладает сильной( HR ) устойчивостью к заболеваниям: фузариоз (фузариозное увядание, желтуха), фузариоз (фузариозное увядание, желтуха)",,Foc|For,,1,,,0,10 000  шт.,В наличии,Согласно законодательству республики Беларусь,,1,1,0,10 000  шт.,,10.000000 g,108.35,BYN
39,Дыня Айкидо F1,/vegetable/melon/aikido,"АЙКИДО F1 - это ранний надёжный гибрид для открытого грунта и плёночных теплиц с округлыми плодами около 1.5 кг, которые хорошо защищены мощной листвой. Гибрид устойчив к фузариозу (расам 0 и 1), а так же толерантен к мучнистой росе, что удлиняет период плодоношения и увеличивает урожай. Ярко выраженное изменение окраски плода от зелёной к золотисто-жёлтой чётко указывает на момент уборки.",Саката,aikido.jpg,овощи|дыня,,Гибрид F1,,aikido.jpg,00031285,,,,SAKATA VEGETABLES EUROPE SAS,1,сортотип Галия,"РАННЕСПЕЛОСТЬ
НЕПРИХОТЛИВОСТЬ
ВЫСОКИЙ УРОЖАЙ
УСТОЙЧИВОСТЬ К БОЛЕЗНЯМ","<style type=""text/css"">TABLE {
    border-collapse: collapse; /* Убираем двойные границы между ячейками */
    border: 1px solid #000; /* Рамка вокруг таблицы */
   }
   TD, TH {
    padding: 5px; /* Поля вокруг текста */
    border: 1px solid #f3faef; /* Рамка вокруг ячеек */
   }
</style>
<table>
	<tbody>
		<tr>
			<td><b>ОСОБЕННОСТИ</b></td>
			<td><b>ХАРАКТЕРИСТИКА</b></td>
		</tr>
		<tr>
			<td>ВИД</td>
			<td>Гибрид F1, Дыня (Cucumis melo L.)</td>
		</tr>
		<tr>
			<td>ТИП</td>
			<td>Галия</td>
		</tr>
		<tr>
			<td>СОЗРЕВАНИЕ</td>
			<td>Раннее</td>
		</tr>
		<tr>
			<td>ЭНЕРГИЯ РОСТА</td>
			<td>Средняя</td>
		</tr>
		<tr>
			<td>ПЕРИОД ВЫРАЩИВАНИЯ</td>
			<td>Весь сезон</td>
		</tr>
		<tr>
			<td>ВЕС ПЛОДОВ</td>
			<td>1,5-1,7 кг</td>
		</tr>
		<tr>
			<td>ФОРМА ПЛОДОВ</td>
			<td>Овальная</td>
		</tr>
		<tr>
			<td>СЕМЕННАЯ КАМЕРА</td>
			<td>Средняя</td>
		</tr>
		<tr>
			<td>КОРА</td>
			<td>Сетчатая, желтая</td>
		</tr>
		<tr>
			<td>МЯКОТЬ</td>
			<td>Белая с зеленоватым оттенком</td>
		</tr>
		<tr>
			<td>ЛЕЖКОСТЬ</td>
			<td>Неделя</td>
		</tr>
		<tr>
			<td>СОДЕРЖАНИЕ САХАРА</td>
			<td>10-13%</td>
		</tr>
		<tr>
			<td>ВКУС</td>
			<td>Хороший</td>
		</tr>
		<tr>
			<td>ВЫРОВНЕННОСТЬ</td>
			<td>Хорошая</td>
		</tr>
		<tr>
			<td>УКРЫТИЕ ЛИСТВОЙ</td>
			<td>Хорошее</td>
		</tr>
		<tr>
			<td>УСТОЙЧИВОСТЬ К БОЛЕЗНЯМ</td>
			<td>Fom 0-1, Sf</td>
		</tr>
		<tr>
			<td>ИСПОЛЬЗОВАНИЕ</td>
			<td>Для свежего потребления</td>
		</tr>
		<tr>
			<td>КОЛИЧЕСТВО РАСТЕНИЙ на га</td>
			<td>До 12 тысяч растений</td>
		</tr>
		<tr>
			<td>&nbsp;</td>
			<td>&nbsp;</td>
		</tr>
		<tr>
			<td>Включен в реестр Республики Беларусь</td>
			<td>&nbsp;</td>
		</tr>
	</tbody>
</table>",1,Япония,,,Обладает сильной( HR ) устойчивостью к заболеваниям: фузариозное увядание,Обладает проиежуточной( IR ) устойчивостью к заболеваниям: мучнистая роса,Fom,Px ,1,,,0,1 000  шт.,В наличии,Согласно законодательству республики Беларусь,,1,1,0,1 000  шт.,,10.000000 g,117.42,BYN
47,Кабачек Кандела F1,/vegetable/kabahok/kandela,"Ранний (40-45 дней от всходов до технической спелости) урожайный гибрид кабачка цуккини. Растение кустовое, средней мощности. Плоды цилиндрические, темно-зеленые, одинакового размера, изящные, длиной 20-25 см и диаметром 4-5 см. Мякоть кремового цвета, вкусная, плотная, нежная. Гибрид устойчив к основным заболеваниям кабачков. Урожайность до 12 кг/м². Плоды употребляют в вареном, тушеном и жареном виде, а также свежими (молодые завязи) в салатах. Из них получается аппетитное консервированное ассорти. Зрелые крупные плоды хранятся до 4 месяцев.",Саката,kandella.jpg,овощи|кабачок,темно-зеленый,Гибрид F1,цилиндрическая,kandella.jpg,,,,,SAKATA VEGETABLES EUROPE SAS,,,"Кабачок цуккини
Устойчивость к вирусам
Раннеспелость
Открытое растение
Высокий урожай","<style type=""text/css"">TABLE {
    border-collapse: collapse; /* Убираем двойные границы между ячейками */
    border: 1px solid #000; /* Рамка вокруг таблицы */
   }
   TD, TH {
    padding: 5px; /* Поля вокруг текста */
    border: 1px solid #f3faef; /* Рамка вокруг ячеек */
   }
</style>
<table>
	<tbody>
		<tr>
			<td><b>ОСОБЕННОСТИ</b></td>
			<td><b>ХАРАКТЕРИСТИКА</b></td>
		</tr>
		<tr>
			<td>ВИД</td>
			<td>Гибрид F1, Кабачок (Cucurbita pepo L.)</td>
		</tr>
		<tr>
			<td>TИП</td>
			<td>Кустовой</td>
		</tr>
		<tr>
			<td>РАСТЕНИЕ</td>
			<td>Средней мощности</td>
		</tr>
		<tr>
			<td>ГАБИТУС</td>
			<td>Полуоткрытый и прямостоячий - короткие междоузлия</td>
		</tr>
		<tr>
			<td>СОЗРЕВАНИЕ</td>
			<td>Среднеранний</td>
		</tr>
		<tr>
			<td>СЕЗОН ВЫРАЩИВАНИЯ</td>
			<td>Весна и лето</td>
		</tr>
		<tr>
			<td>ЭНЕРГИЯ РОСТА</td>
			<td>Очень хорошая</td>
		</tr>
		<tr>
			<td>ФОРМА ПЛОДА</td>
			<td>Цилиндрический (20-25 х 4-5 см)</td>
		</tr>
		<tr>
			<td>ОКРАСКА</td>
			<td>Тёмно-зелёный</td>
		</tr>
		<tr>
			<td>УСТОЙЧИВОСТЬ К БОЛЕЗНЯМ</td>
			<td>Имеет Устойчивость к ZYMV - желтая мозаика цукини, WMV - мозаика арбуза</td>
		</tr>
		<tr>
			<td>ИСПОЛЬЗОВАНИЕ</td>
			<td>Для свежего потребления и переработки</td>
		</tr>
		<tr>
			<td>КОЛИЧЕСТВО РАСТЕНИЙ на га</td>
			<td>До 14 тысяч растений</td>
		</tr>
		<tr>
			<td>Включен в реестр Республики Беларусь</td>
			<td>в 2016 году</td>
		</tr>

	</tbody>
</table>",,Япония,кабачок|цуккини,,,"Обладает проиежуточной( IR ) устойчивостью к заболеваниям: вирус мозаики арбуза, желтая мозаика цуккини",,WMV|ZYMV,,,,0,1 000  шт.,В наличии,Согласно законодательству республики Беларусь,,1,1,0,1 000  шт.,,10.000000 g,96.72,BYN
45,Кабачок Арал F1,/vegetable/kabahok/aral,"АРАЛ F1 - это ранний гибрид светло-зелёного кабачка для открытого грунта и плёночных теплиц. Потенциально позволяет собирать очень большие урожаи, благодаря устойчивости к ряду вирусов. В открытом грунте выращивается в первом и втором оборотах. При выращивании в теплицах опыление лучше производить пчёлами (или шмелями).",Саката,aral.jpg,овощи|кабачок,,Гибрид F1,,aral_0.jpg,00057487,семена|семена овощей|семена кабачка|семена F1|семена овощей Саката|Саката|овощи Саката|,для открытого грунта,,SAKATA VEGETABLES EUROPE SAS,1,,"РАННЕСПЕЛОСТЬ
УСТОЙЧИВОСТЬ К ВИРУСАМ
ОЧЕНЬ ВЫСОКИЙ УРОЖАЙ","<table border=""1"" bordercolor=""#009640"" height=""304"" style=""border-collapse: collapse"" width=""626"">
	<tbody>
		<tr>
			<td height=""7"" style=""border-left-width: 1px; border-right-width: 1px; border-top-style: solid; border-top-width: 1px; border-bottom-width: 1px"" width=""251""><b>ОСОБЕННОСТИ</b></td>
			<td height=""7"" style=""border-left-width: 1px; border-right-width: 1px; border-top-style: solid; border-top-width: 1px; border-bottom-width: 1px"" width=""359""><b>ХАРАКТЕРИСТИКА</b></td>
		</tr>
		<tr>
			<td height=""6"" width=""251"">ВИД</td>
			<td height=""6"" width=""359"">Гибрид F1, Кабачок (Cucurbita pepo L.)</td>
		</tr>
		<tr>
			<td height=""10"" width=""251"">TИП</td>
			<td height=""10"" width=""359"">Кустовой</td>
		</tr>
		<tr>
			<td height=""17"" width=""251"">РАСТЕНИЕ</td>
			<td height=""17"" width=""359"">Средней мощности</td>
		</tr>
		<tr>
			<td height=""11"" width=""251"">ГАБИТУС</td>
			<td height=""11"" width=""359"">Полуоткрытый, прямостоячий, со средними междоузлиями</td>
		</tr>
		<tr>
			<td height=""13"" width=""251"">СОЗРЕВАНИЕ</td>
			<td height=""13"" width=""359"">Очень ранний (сбор после 30 дней)</td>
		</tr>
		<tr>
			<td height=""20"" width=""251"">СЕЗОН ВЫРАЩИВАНИЯ</td>
			<td height=""20"" width=""359"">Весна и лето</td>
		</tr>
		<tr>
			<td height=""20"" width=""251"">ЭНЕРГИЯ РОСТА</td>
			<td height=""20"" width=""359"">Хорошая</td>
		</tr>
		<tr>
			<td height=""20"" width=""251"">ФОРМА ПЛОДА</td>
			<td height=""20"" width=""359"">Цилиндрический (12-15 х 4-6 см)</td>
		</tr>
		<tr>
			<td height=""52"" width=""251"">ОКРАСКА</td>
			<td height=""52"" width=""359"">Светло-зеленый</td>
		</tr>
		<tr>
			<td height=""20"" width=""251"">УСТОЙЧИВОСТЬ К БОЛЕЗНЯМ</td>
			<td height=""20"" width=""359"">Имеет Устойчивость к ZYMV- желтая мозаика цукини, WMV- мозаика арбуза</td>
		</tr>
		<tr>
			<td height=""20"" width=""251"">ИСПОЛЬЗОВАНИЕ</td>
			<td height=""20"" width=""359"">Для свежего потребления и переработки</td>
		</tr>
		<tr>
			<td height=""20"" width=""251"">КОЛИЧЕСТВО РАСТЕНИЙ на га</td>
			<td height=""20"" width=""359"">До 14 тысяч растений</td>
		</tr>
		<tr>
			<td height=""20"" style=""border-left-width: 1px; border-right-width: 1px; border-top-width: 1px; border-bottom-style: solid; border-bottom-width: 1px"" width=""251"">Включен в реестр Республики Беларусь</td>
			<td height=""20"" style=""border-left-width: 1px; border-right-width: 1px; border-top-width: 1px; border-bottom-style: solid; border-bottom-width: 1px"" width=""359"">в 2016 году</td>
		</tr>
	</tbody>
</table>",1,Япония,кабачок,,,,,,1,,,0,1 000  шт.,В наличии,Согласно законодательству республики Беларусь,,1,1,0,1 000  шт.,,10.000000 g,99.75,BYN
50,Кабачок Суха F1,/vegetable/kabahok/suha,"СУХА F1 это ранний гибрид светло-зелёного кабачка для открытого грунта и плёночных теплиц. Потенциальны урожай очень высок, так как количество сборов сильно возрастает благодаря устойчивости к целому ряду вирусов. В открытом грунте выращивается в первом и втором оборотах. При выращивании в теплицах опыление лучше производить пчёлами (или шмелями). Прямостоячее открытое растение облегчает сбор урожая и не позволяет плодам ложиться на землю. Благодаря тому, что цветок легко опадает плоды менее подвержены заболеваниям.",Саката,suha.jpg,овощи|кабачок,,Гибрид F1,,suha.jpg,00048403,,,,SAKATA VEGETABLES EUROPE SAS,1,,"РАННЕСПЕЛОСТЬ
УСТОЙЧИВОСТЬ К БОЛЕЗНЯМ
ВЫСОКИЙ УРОЖАЙ
ОЧЕНЬ ПРИВЛЕКАТЕЛЬНЫЙ ПЛОД","<table border=""1"" bordercolor=""#009640"" height=""304"" style=""border-collapse: collapse"" width=""626"">
	<tbody>
		<tr>
			<td height=""7"" style=""border-left-width: 1px; border-right-width: 1px; border-top-style: solid; border-top-width: 1px; border-bottom-width: 1px"" width=""251""><b>ОСОБЕННОСТИ</b></td>
			<td height=""7"" style=""border-left-width: 1px; border-right-width: 1px; border-top-style: solid; border-top-width: 1px; border-bottom-width: 1px"" width=""359""><b>ХАРАКТЕРИСТИКА</b></td>
		</tr>
		<tr>
			<td height=""6"" width=""251"">ВИД</td>
			<td height=""6"" width=""359"">Гибрид F1, Кабачок (Cucurbita pepo L.)</td>
		</tr>
		<tr>
			<td height=""10"" width=""251"">TИП</td>
			<td height=""10"" width=""359"">Кустовой</td>
		</tr>
		<tr>
			<td height=""17"" width=""251"">РАСТЕНИЕ</td>
			<td height=""17"" width=""359"">Мощное</td>
		</tr>
		<tr>
			<td height=""11"" width=""251"">ГАБИТУС</td>
			<td height=""11"" width=""359"">Открытый, прямостоячий</td>
		</tr>
		<tr>
			<td height=""13"" width=""251"">СОЗРЕВАНИЕ</td>
			<td height=""13"" width=""359"">Ранний (через 35 дней)</td>
		</tr>
		<tr>
			<td height=""20"" width=""251"">СЕЗОН ВЫРАЩИВАНИЯ</td>
			<td height=""20"" width=""359"">Весна и лето</td>
		</tr>
		<tr>
			<td height=""20"" width=""251"">ЭНЕРГИЯ РОСТА</td>
			<td height=""20"" width=""359"">Хорошая</td>
		</tr>
		<tr>
			<td height=""20"" width=""251"">ФОРМА ПЛОДА</td>
			<td height=""20"" width=""359"">Цилиндрический (12-15 х 4-6 см)</td>
		</tr>
		<tr>
			<td height=""52"" width=""251"">ОКРАСКА</td>
			<td height=""52"" width=""359"">Светло-зеленый</td>
		</tr>
		<tr>
			<td height=""20"" width=""251"">УСТОЙЧИВОСТЬ К БОЛЕЗНЯМ</td>
			<td height=""20"" width=""359"">Имеет Устойчивость к ZYMV - желтая мозаика цукини, WMV - мозаика арбуза, PRSV - вирус кольцевой пятнистости папайи</td>
		</tr>
		<tr>
			<td height=""20"" width=""251"">ИСПОЛЬЗОВАНИЕ</td>
			<td height=""20"" width=""359"">Для свежего потребления и переработки</td>
		</tr>
		<tr>
			<td height=""20"" width=""251"">КОЛИЧЕСТВО РАСТЕНИЙ на га</td>
			<td height=""20"" width=""359"">До 14 тысяч растений</td>
		</tr>
		<tr>
			<td height=""20"" style=""border-left-width: 1px; border-right-width: 1px; border-top-width: 1px; border-bottom-style: solid; border-bottom-width: 1px"" width=""251"">Включен в реестр Республики Беларусь</td>
			<td height=""20"" style=""border-left-width: 1px; border-right-width: 1px; border-top-width: 1px; border-bottom-style: solid; border-bottom-width: 1px"" width=""359"">в 2016 году</td>
		</tr>
	</tbody>
</table>",1,Япония,кабачок|цуккини,,,,,,1,,,0,1 000  шт.,В наличии,Согласно законодательству республики Беларусь,,1,1,0,1 000  шт.,,10.000000 g,99.75,BYN
51,Кабачок Ясмин F1,/vegetable/kabahok/yasmin,"ЯСМИН F1 - это высокоурожайный ранний гибрид кабачка для открытого грунта с жёлтоокрашенным плодом. Гибрид имеет хорошую полевую устойчивость к различным болезням, поэтому плодоносит продолжительно, что позволяет собирать большие урожаи.",Саката,jasmin.jpeg,овощи|кабачок,желтый,Гибрид F1,цилиндрическая,jasmin.jpeg,00057487,семена|семена овощей|семена кабачка|семена F1|семена овощей Саката|Саката|овощи Саката|,для открытого грунта,,SAKATA VEGETABLES EUROPE SAS,1,,"ЖЁЛТООКРАШЕННЫЙ 
ПЛОД
УСТОЙЧИВОСТЬ К БОЛЕЗНЯМ
ОЧЕНЬ ВЫСОКИЙ УРОЖАЙ","<style type=""text/css"">TABLE {
    border-collapse: collapse; /* Убираем двойные границы между ячейками */
    border: 1px solid #000; /* Рамка вокруг таблицы */
   }
   TD, TH {
    padding: 5px; /* Поля вокруг текста */
    border: 1px solid #f3faef; /* Рамка вокруг ячеек */
   }
</style>
<table>
	<tbody>
		<tr>
			<td><b>ОСОБЕННОСТИ</b></td>
			<td><b>ХАРАКТЕРИСТИКА</b></td>
		</tr>
		<tr>
			<td>ВИД</td>
			<td>Гибрид F1, Кабачок (Cucurbita pepo L.)</td>
		</tr>
		<tr>
			<td>TИП</td>
			<td>Кустовой</td>
		</tr>
		<tr>
			<td>РАСТЕНИЕ</td>
			<td>Средней мощности</td>
		</tr>
		<tr>
			<td>ГАБИТУС</td>
			<td>Полуоткрытый</td>
		</tr>
		<tr>
			<td>СОЗРЕВАНИЕ</td>
			<td>Среднеранний</td>
		</tr>
		<tr>
			<td>СЕЗОН ВЫРАЩИВАНИЯ</td>
			<td>Весна и лето</td>
		</tr>
		<tr>
			<td>ЭНЕРГИЯ РОСТА</td>
			<td>Хорошая</td>
		</tr>
		<tr>
			<td>ФОРМА ПЛОДА</td>
			<td>Цилиндрический (20-25 х 4-5 см)</td>
		</tr>
		<tr>
			<td>ОКРАСКА</td>
			<td>Жёлтая</td>
		</tr>
		<tr>
			<td>УСТОЙЧИВОСТЬ К БОЛЕЗНЯМ</td>
			<td>Имеет Устойчивость к ZYMV - желтая мозаика цукини, WMV - мозаика арбуза</td>
		</tr>
		<tr>
			<td>ИСПОЛЬЗОВАНИЕ</td>
			<td>Для свежего потребления и переработки</td>
		</tr>
		<tr>
			<td>КОЛИЧЕСТВО РАСТЕНИЙ на га</td>
			<td>До 14 тысяч растений</td>
		</tr>
		<tr>
			<td>Включен в реестр Республики Беларусь</td>
			<td>в 2016 году</td>
		</tr>

	</tbody>
</table>",1,Япония,кабачок|цуккини,,,"Обладает проиежуточной( IR ) устойчивостью к заболеваниям: вирус мозаики арбуза, желтая мозаика цуккини",,WMV|ZYMV,1,,,0,Под заказ,Под заказ,,,1,1,0,0 шт.,,0.000000 g,0,BYN
53,Капуста белокачанная Кандиса F1,/vegetable/kapusta/belok/candisa,КАНДИСА F1 это сверх ранний гибрид для открытого грунта и плёночных укрытий с округлыми кочанами зелёного цвета до 1.5 кг. Кочаны плотные с улучшенной внутренней структурой и короткой кочерыгой имеют высокие вкусовые качества. Гибрид хорошо стоит в поле и транспортируется.,Саката,kandisa.jpg,овощи|капуста белокачанная,,Гибрид F1,,kandisa.jpg,00044963,,ранняя капуста|для свежего потребления,,SAKATA VEGETABLES EUROPE SAS,1,,"РАННЕСПЕЛОСТЬ
ВКУСОВЫЕ КАЧЕСТВА
ВЫСОКИЙ УРОЖАЙ
ХОРОШАЯ ТРАНСПОРТАБЕЛЬНОСТЬ","<table border=""1"" bordercolor=""#009640"" height=""336"" style=""border-collapse: collapse"" width=""635"">
	<tbody>
		<tr>
			<td height=""7"" style=""border-left-width: 1px; border-right-width: 1px; border-top-style: solid; border-top-width: 1px; border-bottom-width: 1px"" width=""251""><b>ОСОБЕННОСТИ</b></td>
			<td height=""7"" style=""border-left-width: 1px; border-right-width: 1px; border-top-style: solid; border-top-width: 1px; border-bottom-width: 1px"" width=""374""><b>ХАРАКТЕРИСТИКА</b></td>
		</tr>
		<tr>
			<td height=""6"" width=""251"">ВИД</td>
			<td height=""6"" width=""374"">Гибрид F1, Капуста белокочанная (Brassica oleracea L.)</td>
		</tr>
		<tr>
			<td height=""10"" width=""251"">СОЗРЕВAНИЕ</td>
			<td height=""10"" width=""374"">Ранний, 55 д.п.п.</td>
		</tr>
		<tr>
			<td height=""17"" width=""251"">ВЕС КОЧАНА</td>
			<td height=""17"" width=""374"">&nbsp;0,8-1,3 кг</td>
		</tr>
		<tr>
			<td height=""11"" width=""251"">ФОРМА КОЧАНА</td>
			<td height=""11"" width=""374"">Округлая</td>
		</tr>
		<tr>
			<td height=""13"" width=""251"">ПЛОТНОСТЬ</td>
			<td height=""13"" width=""374"">Хорошая</td>
		</tr>
		<tr>
			<td height=""20"" width=""251"">ОКРАСКА</td>
			<td height=""20"" width=""374"">Зелёная</td>
		</tr>
		<tr>
			<td height=""20"" width=""251"">СОХРАННОСТЬ В ПОЛЕ</td>
			<td height=""20"" width=""374"">Хорошая для ранних сортов</td>
		</tr>
		<tr>
			<td height=""20"" width=""251"">ВКУС</td>
			<td height=""20"" width=""374"">Хороший</td>
		</tr>
		<tr>
			<td height=""20"" width=""251"">УСТОЙЧИВОСТЬ К БОЛЕЗНЯМ</td>
			<td height=""20"" width=""374"">&nbsp;-</td>
		</tr>
		<tr>
			<td height=""24"" width=""251"">ИСПОЛЬЗОВАНИЕ</td>
			<td height=""24"" width=""374"">Для свежего потребления</td>
		</tr>
		<tr>
			<td height=""24"" width=""251"">КОЛИЧЕСТВО РАСТЕНИЙ на га</td>
			<td height=""24"" width=""374"">До 60 тысяч растений</td>
		</tr>
		<tr>
			<td height=""44"" style=""border-left-width: 1px; border-right-width: 1px; border-top-width: 1px; border-bottom-style: solid; border-bottom-width: 1px"" width=""251"">Включен в реестр Республики Беларусь</td>
			<td height=""44"" style=""border-left-width: 1px; border-right-width: 1px; border-top-width: 1px; border-bottom-style: solid; border-bottom-width: 1px"" width=""374"">в 2008 году</td>
		</tr>
	</tbody>
</table>",1,Япония,капуста белокачанная,,,,,,1,,,0,1 000  шт.,В наличии,Согласно законодательству республики Беларусь,,1,1,0,1 000  шт.,,10.000000 g,24.65,BYN
55,Капуста белокачанная Коронет F1,/vegetable/kapusta/belok/coronet,"КОРОНЕТ F1 – это очень надежный гибрид белокочанной капусты для длительного хранения с выровненными плотными кочанами. Приспособлен к различным условиям выращивания, переносит высокие и пониженные температуры. Очень хорошо завязывает кочаны при повышенных температурах и недостаточной влажности воздуха. Устойчив к фузариозу и внутреннему некрозу листьев. Отличные качественные показатели при долговременном хранении.",Саката,kapusta_koronet.jpg,овощи|капуста белокачанная,,Гибрид F1,,kapusta_koronet.jpg,00032064,,для открытого грунта|для хранения,,SAKATA VEGETABLES EUROPE SAS,1,,"ГАРАНТИРОВАННЫЙ УРОЖАЙ
ПЛАСТИЧНОСТЬ
ЖАРОСТОЙКОСТЬ
ВЫСОКИЙ УРОЖАЙ
ДЛИТЕЛЬНОЕ ХРАНЕНИЕ","ОСОБЕННОСТИ	ХАРАКТЕРИСТИКА
ВИД	Гибрид F1, Капуста белокочанная (Brassica oleracea L.)
РАСТЕНИЕ	Мощное
СОЗРЕВAНИЕ	120 д.п.п.
ВЕС КОЧАНА	2,0-4,5 кг (зависит от плотности посадки)
ФОРМА КОЧАНА	Округлая
ПЛОТНОСТЬ	Очень плотный
ОКРАСКА	Зелёная
СОХРАННОСТЬ В ПОЛЕ	Долго
ВКУС	Хороший
УСТОЙЧИВОСТЬ К БОЛЕЗНЯМ	Имеет Устойчивость к Fusarium oxysporum conglutinans
ИСПОЛЬЗОВАНИЕ	Для длительного хранения
КОЛИЧЕСТВО РАСТЕНИЙ на га	35 тысяч растений
Включен в реестр Республики Беларусь	2008",1,Япония,капуста белокачанная,,,,,,1,,,0,1 000  шт.,В наличии,Согласно законодательству республики Беларусь,,1,1,0,1 000  шт.,,10.000000 g,26.97,BYN
57,Капуста белокачанная Файтер F1,/vegetable/kapusta/belok/fighter,ФАЙТЕР F1 - это поздний гибрид для очень длительного хранения с незначительной потерей в весе и сохраняющий цвет кочана без изменения.,Саката,fighter.jpg,овощи|капуста белокачанная,,Гибрид F1,,fighter.jpg,00035280,семена|семена овощей|семена капусты|семена F1|семена овощей Саката|Саката|овощи Саката|семена капусты белокачанной|семена капусты белокочанной|семена капусты белакочанной|,,,SAKATA VEGETABLES EUROPE SAS,1,,"ОТЛИЧНАЯ ЛЁЖКОСТЬ
СТАБИЛЬНЫЙ ЦВЕТ КОЧАНА ПРИ ХРАНЕНИИ
УСТОЙЧИВОСТЬ К ФУЗАРИОЗУ
ВЫСОКИЙ УРОЖАЙ","<table border=""1"" bordercolor=""#009640"" height=""336"" style=""border-collapse: collapse"" width=""635"">
	<tbody>
		<tr>
			<td height=""7"" style=""border-left-width: 1px; border-right-width: 1px; border-top-style: solid; border-top-width: 1px; border-bottom-width: 1px"" width=""251""><b>ОСОБЕННОСТИ</b></td>
			<td height=""7"" style=""border-left-width: 1px; border-right-width: 1px; border-top-style: solid; border-top-width: 1px; border-bottom-width: 1px"" width=""374""><b>ХАРАКТЕРИСТИКА</b></td>
		</tr>
		<tr>
			<td height=""6"" width=""251"">ВИД</td>
			<td height=""6"" width=""374"">Гибрид F1, Капуста белокочанная (Brassica oleracea L.)</td>
		</tr>
		<tr>
			<td height=""10"" width=""251"">РАСТЕНИЕ</td>
			<td height=""10"" width=""374"">мощное</td>
		</tr>
		<tr>
			<td height=""10"" width=""251"">СОЗРЕВAНИЕ</td>
			<td height=""10"" width=""374"">130 д.п.п.</td>
		</tr>
		<tr>
			<td height=""17"" width=""251"">ВЕС КОЧАНА</td>
			<td height=""17"" width=""374"">&nbsp;2,5-4,5 кг (зависит от плотности посадки)</td>
		</tr>
		<tr>
			<td height=""11"" width=""251"">ФОРМА КОЧАНА</td>
			<td height=""11"" width=""374"">Округлая</td>
		</tr>
		<tr>
			<td height=""13"" width=""251"">ПЛОТНОСТЬ</td>
			<td height=""13"" width=""374"">Очень плотный</td>
		</tr>
		<tr>
			<td height=""20"" width=""251"">ОКРАСКА</td>
			<td height=""20"" width=""374"">Светло зелёная</td>
		</tr>
		<tr>
			<td height=""20"" width=""251"">СОХРАННОСТЬ В ПОЛЕ</td>
			<td height=""20"" width=""374"">Хорошая</td>
		</tr>
		<tr>
			<td height=""20"" width=""251"">ВКУС</td>
			<td height=""20"" width=""374"">Хороший</td>
		</tr>
		<tr>
			<td height=""20"" width=""251"">УСТОЙЧИВОСТЬ К БОЛЕЗНЯМ</td>
			<td height=""20"" width=""374"">Имеет Устойчивость к Fusarium oxysporum conglutinans</td>
		</tr>
		<tr>
			<td height=""24"" width=""251"">ИСПОЛЬЗОВАНИЕ</td>
			<td height=""24"" width=""374"">Для длительного хранения</td>
		</tr>
		<tr>
			<td height=""24"" width=""251"">КОЛИЧЕСТВО РАСТЕНИЙ на га</td>
			<td height=""24"" width=""374"">35 тысяч растений</td>
		</tr>
		<tr>
			<td height=""44"" style=""border-left-width: 1px; border-right-width: 1px; border-top-width: 1px; border-bottom-style: solid; border-bottom-width: 1px"" width=""251"">Включен в реестр Республики Беларусь</td>
			<td height=""44"" style=""border-left-width: 1px; border-right-width: 1px; border-top-width: 1px; border-bottom-style: solid; border-bottom-width: 1px"" width=""374"">в 2012 году</td>
		</tr>
	</tbody>
</table>",1,Япония,капуста белокачанная,,,,,,1,,,0,1 000  шт.,В наличии,Согласно законодательству республики Беларусь,,1,1,0,1 000  шт.,,10.000000 g,27.67,BYN
56,Капуста белокачанная Элиза F1,/vegetable/kapusta/belok/elisa,ЭЛИЗА F1 это сверх ранний гибрид для открытого грунта и плёночных укрытий с светло-зелёным кочаном до 1 кг. Гибрид приспособлен к различным условиям и срокам выращивания. Долго сохраняется в поле для ранних гибридов. Имеет превосходную устойчивость к стрелкованию.,Саката,elisa.jpg,овощи|капуста белокачанная,,Гибрид F1,,elisa.jpg,00045611,,,,SAKATA VEGETABLES EUROPE SAS,1,,"РАННЕСПЕЛОСТЬ
ВЫСОКИЕ ВКУСОВЫЕ КАЧЕСТВА
ДОЛГАЯ СОХРАННОСТЬ В ПОЛЕ
УСТОЙЧИВОСТЬ К СТРЕЛКОВАНИЮ","<table border=""1"" bordercolor=""#009640"" height=""331"" style=""border-collapse: collapse"" width=""635"">
	<tbody>
		<tr>
			<td height=""7"" style=""border-left-width: 1px; border-right-width: 1px; border-top-style: solid; border-top-width: 1px; border-bottom-width: 1px"" width=""251""><b>ОСОБЕННОСТИ</b></td>
			<td height=""7"" style=""border-left-width: 1px; border-right-width: 1px; border-top-style: solid; border-top-width: 1px; border-bottom-width: 1px"" width=""374""><b>ХАРАКТЕРИСТИКА</b></td>
		</tr>
		<tr>
			<td height=""6"" width=""251"">ВИД</td>
			<td height=""6"" width=""374"">Гибрид F1, Капуста белокочанная (Brassica oleracea L.)</td>
		</tr>
		<tr>
			<td height=""10"" width=""251"">СОЗРЕВAНИЕ</td>
			<td height=""10"" width=""374"">Ранний, до 50 д.п.п.</td>
		</tr>
		<tr>
			<td height=""17"" width=""251"">ВЕС КОЧАНА</td>
			<td height=""17"" width=""374"">До 1 кг</td>
		</tr>
		<tr>
			<td height=""11"" width=""251"">ФОРМА КОЧАНА</td>
			<td height=""11"" width=""374"">Округлая</td>
		</tr>
		<tr>
			<td height=""13"" width=""251"">ПЛОТНОСТЬ</td>
			<td height=""13"" width=""374"">Обычная для ранних сортов</td>
		</tr>
		<tr>
			<td height=""20"" width=""251"">СОХРАННОСТЬ В ПОЛЕ</td>
			<td height=""20"" width=""374"">Долго для ранних сортов</td>
		</tr>
		<tr>
			<td height=""20"" width=""251"">ВКУС</td>
			<td height=""20"" width=""374"">Хороший</td>
		</tr>
		<tr>
			<td height=""20"" width=""251"">УСТОЙЧИВОСТЬ К БОЛЕЗНЯМ</td>
			<td height=""20"" width=""374"">&nbsp;-</td>
		</tr>
		<tr>
			<td height=""24"" width=""251"">ИСПОЛЬЗОВАНИЕ</td>
			<td height=""24"" width=""374"">Для свежего потребления</td>
		</tr>
		<tr>
			<td height=""24"" width=""251"">КОЛИЧЕСТВО РАСТЕНИЙ на га</td>
			<td height=""24"" width=""374"">До 80 тысяч растений</td>
		</tr>
		<tr>
			<td height=""44"" style=""border-left-width: 1px; border-right-width: 1px; border-top-width: 1px; border-bottom-style: solid; border-bottom-width: 1px"" width=""251"">Включен в реестр Республики Беларусь</td>
			<td height=""44"" style=""border-left-width: 1px; border-right-width: 1px; border-top-width: 1px; border-bottom-style: solid; border-bottom-width: 1px"" width=""374"">&nbsp;2008</td>
		</tr>
	</tbody>
</table>",1,Япония,капуста белокачанная,,,,,,1,,,0,1 000  шт.,В наличии,Согласно законодательству республики Беларусь,,1,1,0,1 000  шт.,,10.000000 g,29.06,BYN
